{"frames": [

{
	"filename": "ScoreInfo0",
	"frame": {"x":194,"y":2,"w":46,"h":44},
	"rotated": false,
	"trimmed": false,
	"spriteSourceSize": {"x":0,"y":0,"w":46,"h":44},
	"sourceSize": {"w":46,"h":44}
},
{
	"filename": "ScoreInfo1",
	"frame": {"x":159,"y":2,"w":33,"h":53},
	"rotated": false,
	"trimmed": false,
	"spriteSourceSize": {"x":0,"y":0,"w":33,"h":53},
	"sourceSize": {"w":33,"h":53}
},
{
	"filename": "ScoreInfo2",
	"frame": {"x":121,"y":2,"w":36,"h":55},
	"rotated": false,
	"trimmed": false,
	"spriteSourceSize": {"x":0,"y":0,"w":36,"h":55},
	"sourceSize": {"w":36,"h":55}
},
{
	"filename": "ScoreInfo3",
	"frame": {"x":194,"y":48,"w":45,"h":52},
	"rotated": false,
	"trimmed": false,
	"spriteSourceSize": {"x":0,"y":0,"w":45,"h":52},
	"sourceSize": {"w":45,"h":52}
},
{
	"filename": "ScoreInfo4",
	"frame": {"x":2,"y":2,"w":61,"h":58},
	"rotated": false,
	"trimmed": false,
	"spriteSourceSize": {"x":0,"y":0,"w":61,"h":58},
	"sourceSize": {"w":61,"h":58}
},
{
	"filename": "ScoreInfo5",
	"frame": {"x":2,"y":62,"w":42,"h":57},
	"rotated": false,
	"trimmed": false,
	"spriteSourceSize": {"x":0,"y":0,"w":42,"h":57},
	"sourceSize": {"w":42,"h":57}
},
{
	"filename": "ScoreInfo6",
	"frame": {"x":131,"y":59,"w":43,"h":53},
	"rotated": false,
	"trimmed": false,
	"spriteSourceSize": {"x":0,"y":0,"w":43,"h":53},
	"sourceSize": {"w":43,"h":53}
},
{
	"filename": "ScoreInfo7",
	"frame": {"x":46,"y":62,"w":40,"h":56},
	"rotated": false,
	"trimmed": false,
	"spriteSourceSize": {"x":0,"y":0,"w":40,"h":56},
	"sourceSize": {"w":40,"h":56}
},
{
	"filename": "ScoreInfo8",
	"frame": {"x":65,"y":2,"w":54,"h":55},
	"rotated": false,
	"trimmed": false,
	"spriteSourceSize": {"x":0,"y":0,"w":54,"h":55},
	"sourceSize": {"w":54,"h":55}
},
{
	"filename": "ScoreInfo9",
	"frame": {"x":88,"y":59,"w":41,"h":55},
	"rotated": false,
	"trimmed": false,
	"spriteSourceSize": {"x":0,"y":0,"w":41,"h":55},
	"sourceSize": {"w":41,"h":55}
}],
"meta": {
	"app": "http://www.codeandweb.com/texturepacker ",
	"version": "1.0",
	"image": "ScoreInfoNumbers.png",
	"format": "RGBA8888",
	"size": {"w":256,"h":128},
	"scale": "1",
	"smartupdate": "$TexturePacker:SmartUpdate:eb99e3b59ee6697142637a82f65da505:1/1$"
}
}
