{"frames": [

{
	"filename": "TimeInfo0",
	"frame": {"x":72,"y":112,"w":33,"h":53},
	"rotated": false,
	"trimmed": false,
	"spriteSourceSize": {"x":0,"y":0,"w":33,"h":53},
	"sourceSize": {"w":33,"h":53}
},
{
	"filename": "TimeInfo1",
	"frame": {"x":37,"y":112,"w":33,"h":53},
	"rotated": false,
	"trimmed": false,
	"spriteSourceSize": {"x":0,"y":0,"w":33,"h":53},
	"sourceSize": {"w":33,"h":53}
},
{
	"filename": "TimeInfo2",
	"frame": {"x":2,"y":167,"w":33,"h":53},
	"rotated": false,
	"trimmed": false,
	"spriteSourceSize": {"x":0,"y":0,"w":33,"h":53},
	"sourceSize": {"w":33,"h":53}
},
{
	"filename": "TimeInfo3",
	"frame": {"x":2,"y":112,"w":33,"h":53},
	"rotated": false,
	"trimmed": false,
	"spriteSourceSize": {"x":0,"y":0,"w":33,"h":53},
	"sourceSize": {"w":33,"h":53}
},
{
	"filename": "TimeInfo4",
	"frame": {"x":72,"y":57,"w":33,"h":53},
	"rotated": false,
	"trimmed": false,
	"spriteSourceSize": {"x":0,"y":0,"w":33,"h":53},
	"sourceSize": {"w":33,"h":53}
},
{
	"filename": "TimeInfo5",
	"frame": {"x":37,"y":57,"w":33,"h":53},
	"rotated": false,
	"trimmed": false,
	"spriteSourceSize": {"x":0,"y":0,"w":33,"h":53},
	"sourceSize": {"w":33,"h":53}
},
{
	"filename": "TimeInfo6",
	"frame": {"x":2,"y":57,"w":33,"h":53},
	"rotated": false,
	"trimmed": false,
	"spriteSourceSize": {"x":0,"y":0,"w":33,"h":53},
	"sourceSize": {"w":33,"h":53}
},
{
	"filename": "TimeInfo7",
	"frame": {"x":72,"y":2,"w":33,"h":53},
	"rotated": false,
	"trimmed": false,
	"spriteSourceSize": {"x":0,"y":0,"w":33,"h":53},
	"sourceSize": {"w":33,"h":53}
},
{
	"filename": "TimeInfo8",
	"frame": {"x":37,"y":2,"w":33,"h":53},
	"rotated": false,
	"trimmed": false,
	"spriteSourceSize": {"x":0,"y":0,"w":33,"h":53},
	"sourceSize": {"w":33,"h":53}
},
{
	"filename": "TimeInfo9",
	"frame": {"x":2,"y":2,"w":33,"h":53},
	"rotated": false,
	"trimmed": false,
	"spriteSourceSize": {"x":0,"y":0,"w":33,"h":53},
	"sourceSize": {"w":33,"h":53}
}],
"meta": {
	"app": "http://www.codeandweb.com/texturepacker ",
	"version": "1.0",
	"image": "TimeNumbers.png",
	"format": "RGBA8888",
	"size": {"w":128,"h":256},
	"scale": "1",
	"smartupdate": "$TexturePacker:SmartUpdate:c0832da24360335c1827035c1b8522f4:1/1$"
}
}
