{"frames": [

{
	"filename": "0",
	"frame": {"x":2,"y":45,"w":27,"h":38},
	"rotated": false,
	"trimmed": false,
	"spriteSourceSize": {"x":0,"y":0,"w":27,"h":38},
	"sourceSize": {"w":27,"h":38}
},
{
	"filename": "1",
	"frame": {"x":141,"y":113,"w":17,"h":35},
	"rotated": false,
	"trimmed": false,
	"spriteSourceSize": {"x":0,"y":0,"w":17,"h":35},
	"sourceSize": {"w":17,"h":35}
},
{
	"filename": "2",
	"frame": {"x":39,"y":80,"w":27,"h":35},
	"rotated": false,
	"trimmed": false,
	"spriteSourceSize": {"x":0,"y":0,"w":27,"h":35},
	"sourceSize": {"w":27,"h":35}
},
{
	"filename": "3",
	"frame": {"x":95,"y":76,"w":25,"h":35},
	"rotated": false,
	"trimmed": false,
	"spriteSourceSize": {"x":0,"y":0,"w":25,"h":35},
	"sourceSize": {"w":25,"h":35}
},
{
	"filename": "4",
	"frame": {"x":89,"y":189,"w":24,"h":35},
	"rotated": false,
	"trimmed": false,
	"spriteSourceSize": {"x":0,"y":0,"w":24,"h":35},
	"sourceSize": {"w":24,"h":35}
},
{
	"filename": "5",
	"frame": {"x":116,"y":113,"w":23,"h":35},
	"rotated": false,
	"trimmed": false,
	"spriteSourceSize": {"x":0,"y":0,"w":23,"h":35},
	"sourceSize": {"w":23,"h":35}
},
{
	"filename": "6",
	"frame": {"x":89,"y":152,"w":24,"h":35},
	"rotated": false,
	"trimmed": false,
	"spriteSourceSize": {"x":0,"y":0,"w":24,"h":35},
	"sourceSize": {"w":24,"h":35}
},
{
	"filename": "7",
	"frame": {"x":115,"y":189,"w":22,"h":35},
	"rotated": false,
	"trimmed": false,
	"spriteSourceSize": {"x":0,"y":0,"w":22,"h":35},
	"sourceSize": {"w":22,"h":35}
},
{
	"filename": "8",
	"frame": {"x":2,"y":162,"w":28,"h":36},
	"rotated": false,
	"trimmed": false,
	"spriteSourceSize": {"x":0,"y":0,"w":28,"h":36},
	"sourceSize": {"w":28,"h":36}
},
{
	"filename": "9",
	"frame": {"x":33,"y":124,"w":27,"h":35},
	"rotated": false,
	"trimmed": false,
	"spriteSourceSize": {"x":0,"y":0,"w":27,"h":35},
	"sourceSize": {"w":27,"h":35}
},
{
	"filename": "A",
	"frame": {"x":61,"y":199,"w":26,"h":35},
	"rotated": false,
	"trimmed": false,
	"spriteSourceSize": {"x":0,"y":0,"w":26,"h":35},
	"sourceSize": {"w":26,"h":35}
},
{
	"filename": "B",
	"frame": {"x":89,"y":115,"w":25,"h":35},
	"rotated": false,
	"trimmed": false,
	"spriteSourceSize": {"x":0,"y":0,"w":25,"h":35},
	"sourceSize": {"w":25,"h":35}
},
{
	"filename": "C",
	"frame": {"x":62,"y":154,"w":25,"h":35},
	"rotated": false,
	"trimmed": false,
	"spriteSourceSize": {"x":0,"y":0,"w":25,"h":35},
	"sourceSize": {"w":25,"h":35}
},
{
	"filename": ":",
	"frame": {"x":32,"y":162,"w":28,"h":35},
	"rotated": false,
	"trimmed": false,
	"spriteSourceSize": {"x":0,"y":0,"w":28,"h":35},
	"sourceSize": {"w":28,"h":35}
},
{
	"filename": "D",
	"frame": {"x":94,"y":2,"w":25,"h":35},
	"rotated": false,
	"trimmed": false,
	"spriteSourceSize": {"x":0,"y":0,"w":25,"h":35},
	"sourceSize": {"w":25,"h":35}
},
{
	"filename": "E",
	"frame": {"x":147,"y":2,"w":22,"h":35},
	"rotated": false,
	"trimmed": false,
	"spriteSourceSize": {"x":0,"y":0,"w":22,"h":35},
	"sourceSize": {"w":22,"h":35}
},
{
	"filename": "F",
	"frame": {"x":115,"y":152,"w":23,"h":35},
	"rotated": false,
	"trimmed": false,
	"spriteSourceSize": {"x":0,"y":0,"w":23,"h":35},
	"sourceSize": {"w":23,"h":35}
},
{
	"filename": "G",
	"frame": {"x":2,"y":200,"w":27,"h":36},
	"rotated": false,
	"trimmed": false,
	"spriteSourceSize": {"x":0,"y":0,"w":27,"h":36},
	"sourceSize": {"w":27,"h":36}
},
{
	"filename": "H",
	"frame": {"x":66,"y":2,"w":26,"h":35},
	"rotated": false,
	"trimmed": false,
	"spriteSourceSize": {"x":0,"y":0,"w":26,"h":35},
	"sourceSize": {"w":26,"h":35}
},
{
	"filename": "I",
	"frame": {"x":146,"y":76,"w":14,"h":35},
	"rotated": false,
	"trimmed": false,
	"spriteSourceSize": {"x":0,"y":0,"w":14,"h":35},
	"sourceSize": {"w":14,"h":35}
},
{
	"filename": "J",
	"frame": {"x":141,"y":39,"w":22,"h":35},
	"rotated": false,
	"trimmed": false,
	"spriteSourceSize": {"x":0,"y":0,"w":22,"h":35},
	"sourceSize": {"w":22,"h":35}
},
{
	"filename": "K",
	"frame": {"x":60,"y":41,"w":26,"h":35},
	"rotated": false,
	"trimmed": false,
	"spriteSourceSize": {"x":0,"y":0,"w":26,"h":35},
	"sourceSize": {"w":26,"h":35}
},
{
	"filename": "L",
	"frame": {"x":140,"y":150,"w":17,"h":35},
	"rotated": false,
	"trimmed": false,
	"spriteSourceSize": {"x":0,"y":0,"w":17,"h":35},
	"sourceSize": {"w":17,"h":35}
},
{
	"filename": "M",
	"frame": {"x":2,"y":85,"w":35,"h":37},
	"rotated": false,
	"trimmed": false,
	"spriteSourceSize": {"x":0,"y":0,"w":35,"h":37},
	"sourceSize": {"w":35,"h":37}
},
{
	"filename": "N",
	"frame": {"x":31,"y":41,"w":27,"h":37},
	"rotated": false,
	"trimmed": false,
	"spriteSourceSize": {"x":0,"y":0,"w":27,"h":37},
	"sourceSize": {"w":27,"h":37}
},
{
	"filename": "O",
	"frame": {"x":2,"y":45,"w":27,"h":38},
	"rotated": false,
	"trimmed": false,
	"spriteSourceSize": {"x":0,"y":0,"w":27,"h":38},
	"sourceSize": {"w":27,"h":38}
},
{
	"filename": "P",
	"frame": {"x":88,"y":39,"w":25,"h":35},
	"rotated": false,
	"trimmed": false,
	"spriteSourceSize": {"x":0,"y":0,"w":25,"h":35},
	"sourceSize": {"w":25,"h":35}
},
{
	"filename": "Q",
	"frame": {"x":2,"y":2,"w":27,"h":41},
	"rotated": false,
	"trimmed": false,
	"spriteSourceSize": {"x":0,"y":0,"w":27,"h":41},
	"sourceSize": {"w":27,"h":41}
},
{
	"filename": "R",
	"frame": {"x":68,"y":78,"w":25,"h":35},
	"rotated": false,
	"trimmed": false,
	"spriteSourceSize": {"x":0,"y":0,"w":25,"h":35},
	"sourceSize": {"w":25,"h":35}
},
{
	"filename": "S",
	"frame": {"x":122,"y":76,"w":22,"h":35},
	"rotated": false,
	"trimmed": false,
	"spriteSourceSize": {"x":0,"y":0,"w":22,"h":35},
	"sourceSize": {"w":22,"h":35}
},
{
	"filename": "T",
	"frame": {"x":139,"y":189,"w":21,"h":35},
	"rotated": false,
	"trimmed": false,
	"spriteSourceSize": {"x":0,"y":0,"w":21,"h":35},
	"sourceSize": {"w":21,"h":35}
},
{
	"filename": "U",
	"frame": {"x":62,"y":117,"w":25,"h":35},
	"rotated": false,
	"trimmed": false,
	"spriteSourceSize": {"x":0,"y":0,"w":25,"h":35},
	"sourceSize": {"w":25,"h":35}
},
{
	"filename": "V",
	"frame": {"x":121,"y":2,"w":24,"h":35},
	"rotated": false,
	"trimmed": false,
	"spriteSourceSize": {"x":0,"y":0,"w":24,"h":35},
	"sourceSize": {"w":24,"h":35}
},
{
	"filename": "W",
	"frame": {"x":31,"y":2,"w":33,"h":37},
	"rotated": false,
	"trimmed": false,
	"spriteSourceSize": {"x":0,"y":0,"w":33,"h":37},
	"sourceSize": {"w":33,"h":37}
},
{
	"filename": "X",
	"frame": {"x":2,"y":124,"w":29,"h":36},
	"rotated": false,
	"trimmed": false,
	"spriteSourceSize": {"x":0,"y":0,"w":29,"h":36},
	"sourceSize": {"w":29,"h":36}
},
{
	"filename": "Y",
	"frame": {"x":115,"y":39,"w":24,"h":35},
	"rotated": false,
	"trimmed": false,
	"spriteSourceSize": {"x":0,"y":0,"w":24,"h":35},
	"sourceSize": {"w":24,"h":35}
},
{
	"filename": "Z",
	"frame": {"x":31,"y":200,"w":28,"h":35},
	"rotated": false,
	"trimmed": false,
	"spriteSourceSize": {"x":0,"y":0,"w":28,"h":35},
	"sourceSize": {"w":28,"h":35}
}],
"meta": {
	"app": "http://www.codeandweb.com/texturepacker ",
	"version": "1.0",
	"image": "BitmapFont.png",
	"format": "RGBA8888",
	"size": {"w":256,"h":256},
	"scale": "1",
	"smartupdate": "$TexturePacker:SmartUpdate:f5ce1eeafa1365b90534018ec728c199:ef59c1e0dd44b823ec758f93ef6fd4b6:2f1ecc57a7afff0bd6d37e30c5c185fb$"
}
}
