{"frames": [

{
	"filename": "Smoke1",
	"frame": {"x":68,"y":2,"w":64,"h":64},
	"rotated": false,
	"trimmed": false,
	"spriteSourceSize": {"x":0,"y":0,"w":64,"h":64},
	"sourceSize": {"w":64,"h":64}
},
{
	"filename": "Smoke2",
	"frame": {"x":2,"y":134,"w":64,"h":64},
	"rotated": false,
	"trimmed": false,
	"spriteSourceSize": {"x":0,"y":0,"w":64,"h":64},
	"sourceSize": {"w":64,"h":64}
},
{
	"filename": "Smoke3",
	"frame": {"x":2,"y":68,"w":64,"h":64},
	"rotated": false,
	"trimmed": false,
	"spriteSourceSize": {"x":0,"y":0,"w":64,"h":64},
	"sourceSize": {"w":64,"h":64}
},
{
	"filename": "Smoke4",
	"frame": {"x":2,"y":2,"w":64,"h":64},
	"rotated": false,
	"trimmed": false,
	"spriteSourceSize": {"x":0,"y":0,"w":64,"h":64},
	"sourceSize": {"w":64,"h":64}
}],
"meta": {
	"app": "http://www.codeandweb.com/texturepacker ",
	"version": "1.0",
	"image": "Smoke.png",
	"format": "RGBA8888",
	"size": {"w":256,"h":256},
	"scale": "1",
	"smartupdate": "$TexturePacker:SmartUpdate:b7500d5c5bb32fba3b34eaac96bd6589:44739e029098f7ba652b9ed40d0a911a:bbcc442d96830eb76982ccc63068509e$"
}
}
