
{
	"GameSettings" : 
	{
		"Difficulty" : 2,
		"StartingGold" : 20000,
		"TimeLimit" : 180.0
	},
	"SaveGame" : 
	{
		"Ammo" : 98,
		"CurrentLevel" : 5,
		"GoldReserve" : 5000000,
		"NumberOfUnlockedLevels" : 6,
		"OfficerDamageUpgrade" : 0,
		"OfficerFiringRateUpgrade" : 0,
		"OfficerRangeUpgrade" : 0,
		"OfficerTiersUnlocked" : 3,
		"ProfileName" : "CHEATER",
		"Score" : 1600,
		"TowerDamageUpgrade" : 0,
		"TowerFiringRateUpgrade" : 0,
		"TowerRangeUpgrade" : 0,
		"TowerTiersUnlocked" : 3
	}
}
